id,lang,author,rating,text,date,verified,helpful
fr-001,fr,cedisa.,5,"Je suis sur AcoquinementVotre depuis des mois et j’adore l’ambiance. Si AKOKY est vraiment la nouvelle version premium, j’ai hâte d’y être ! L’idée du live vidéo m’intrigue… surtout pour pimenter mes soirées.",2025-01-15,true,142
fr-002,fr,moncoeur17,5,"AcoquinementVotre nous a permis de rencontrer des couples formidables. Alors forcément, on guette l’ouverture d’AKOKY ! Le live vidéo va clairement rajouter un petit frisson… Léa trépigne déjà.",2025-03-10,true,128
fr-003,fr,exhibition.,4,"Très contents du site actuel, simple et efficace. Et merci pour l’accès gratuit à AKOKY à l’ouverture ! Curieux de tester le live… j’ai déjà deux-trois idées en tête.",2025-05-08,true,95
fr-004,fr,Cedmomo.,5,"AcoquinementVotre était déjà une bonne surprise. Alors AKOKY, avec un design plus chic et des fonctionnalités en plus, je signe direct ! Surtout si on peut se montrer en live…",2025-06-05,true,156
fr-005,fr,matis85,5,"On a passé de super moments sur AcoquinementVotre, donc on suit l’évolution avec plaisir. Hâte de découvrir AKOKY et ses événements premium. Et merci pour l’abonnement offert !",2025-08-02,true,134
fr-006,fr,IsabelMath,4,"Le site actuel est sérieux et discret, ce que j’apprécie énormément. J’ai vraiment hâte de migrer sur AKOKY. Et si en plus il y a du live vidéo sécurisé… je risque de m’y plaire.",2024-12-28,true,89
fr-007,fr,hextol.,5,"AcoquinementVotre m’a permis de belles rencontres, alors l’annonce d’AKOKY m’a bien excité (dans tous les sens du terme). Le live va me permettre de m’exhiber un peu plus… j’assume !",2024-12-25,true,112
fr-008,fr,mariefred,5,"On avait besoin d’un site simple et fiable, AcoquinementVotre a fait le job. Maintenant, on compte clairement passer sur AKOKY dès l’ouverture. Le concept des lives nous plaît beaucoup.",2024-11-20,true,145
fr-009,fr,Nikpo13,4,"Bonne expérience sur AcoquinementVotre, rien à redire. Je suis surtout impatient de voir ce qu’AKOKY prépare. Et l’idée de pouvoir mater quelques lives… avouons que ça motive.",2024-10-18,true,76
fr-010,fr,Char66,5,"On a vraiment accroché au site actuel, alors quand on a appris la sortie d’AKOKY, on a sauté de joie ! Merci pour l’abonnement gratuit. On a hâte de tester les lives — Maxime est déjà prêt à se montrer 😉",2024-12-15,true,167

en-001,en,Sophie M.,5,"I’ve been on AcoquinementVotre for months and I love the vibe. If AKOKY is truly the new premium version, I can’t wait to join! The idea of live video intrigues me… especially to spice up my evenings.",2025-01-15,true,142
en-002,en,Marc & Léa,5,"AcoquinementVotre helped us meet amazing couples. So of course, we’re watching for AKOKY’s launch! The live video feature is clearly going to add a little thrill… Léa is already impatient.",2025-03-10,true,128
en-003,en,Alexandre T.,4,"Very happy with the current site, simple and efficient. And thanks for the free access to AKOKY at launch! Curious to try the live feature… I already have two or three ideas in mind.",2025-05-08,true,95
en-004,en,Camille R.,5,"AcoquinementVotre was already a great surprise. So AKOKY, with a more chic design and extra features, I’m in! Especially if we can go live on camera…",2025-06-05,true,156
en-005,en,Thomas & Julie,5,"We’ve had amazing moments on AcoquinementVotre, so we’re happily following the evolution. Can’t wait to discover AKOKY and its premium events. And thanks for the free subscription!",2025-08-02,true,134
en-006,en,Isabelle L.,4,"The current site is serious and discreet, which I really appreciate. I can’t wait to switch to AKOKY. And with secure live video on top… I might really enjoy myself.",2024-12-28,true,89
en-007,en,Julien B.,5,"AcoquinementVotre led me to wonderful encounters, so the announcement of AKOKY definitely excited me (in every sense). The live feature will let me show off a little more… and I fully own it!",2024-12-25,true,112
en-008,en,Émilie & David,5,"We needed a simple and reliable platform, and AcoquinementVotre delivered. Now we’re clearly planning to switch to AKOKY as soon as it launches. The live concept really appeals to us.",2024-11-20,true,145
en-009,en,Nicolas P.,4,"Good overall experience on AcoquinementVotre, nothing to complain about. I’m especially eager to see what AKOKY is preparing. And the idea of watching a few lives… let’s be honest, it’s motivating.",2024-10-18,true,76
en-010,en,Charlotte & Maxime,5,"We really loved the current site, so when we heard about AKOKY’s upcoming release, we were thrilled! Thanks for the free subscription. We can’t wait to try the live features — Maxime is already ready to show off 😉",2024-12-15,true,167

es-001,es,Sophie M.,5,"Llevo meses en AcoquinementVotre y me encanta el ambiente. Si AKOKY es realmente la nueva versión premium, ¡tengo muchas ganas de entrar! La idea del vídeo en directo me intriga… sobre todo para animar mis noches.",2025-01-15,true,142
es-002,es,Marc & Léa,5,"AcoquinementVotre nos permitió conocer parejas increíbles. Así que, por supuesto, estamos atentos a la apertura de AKOKY. El vídeo en directo añadirá un pequeño escalofrío… Léa ya no puede esperar.",2025-03-10,true,128
es-003,es,Alexandre T.,4,"Muy contento con el sitio actual, simple y eficaz. ¡Y gracias por el acceso gratuito a AKOKY en el lanzamiento! Tengo curiosidad por probar el directo… ya tengo algunas ideas en mente.",2025-05-08,true,95
es-004,es,Camille R.,5,"AcoquinementVotre ya era una grata sorpresa. Así que AKOKY, con un diseño más elegante y más funciones, ¡me apunto sin dudar! Sobre todo si podemos mostrarnos en directo…",2025-06-05,true,156
es-005,es,Thomas & Julie,5,"Hemos vivido momentos increíbles en AcoquinementVotre, así que seguimos su evolución con entusiasmo. Con muchas ganas de descubrir AKOKY y sus eventos premium. ¡Gracias por la suscripción gratuita!",2025-08-02,true,134
es-006,es,Isabelle L.,4,"El sitio actual es serio y discreto, algo que valoro mucho. Tengo muchas ganas de pasar a AKOKY. Y si además hay vídeo en directo seguro… creo que me va a encantar.",2024-12-28,true,89
es-007,es,Julien B.,5,"AcoquinementVotre me permitió encuentros fantásticos, así que el anuncio de AKOKY me emocionó mucho (en todos los sentidos). El directo me permitirá exhibirme un poco más… ¡y lo asumo!",2024-12-25,true,112
es-008,es,Émilie & David,5,"Necesitábamos una plataforma simple y fiable, y AcoquinementVotre cumplió perfectamente. Ahora pensamos pasarnos a AKOKY en cuanto abra. El concepto de los directos nos encanta.",2024-11-20,true,145
es-009,es,Nicolas P.,4,"Buena experiencia general en AcoquinementVotre, nada que reprochar. Tengo mucha curiosidad por ver qué prepara AKOKY. Y la idea de ver algunos directos… seamos sinceros, motiva.",2024-10-18,true,76
es-010,es,Charlotte & Maxime,5,"Nos encantó el sitio actual, así que cuando supimos del lanzamiento de AKOKY nos alegramos muchísimo. Gracias por la suscripción gratuita. Tenemos muchas ganas de probar los directos — Maxime ya está listo para mostrarse 😉",2024-12-15,true,167

de-001,de,Sophie M.,5,"Ich bin seit Monaten auf AcoquinementVotre und liebe die Atmosphäre. Wenn AKOKY wirklich die neue Premium-Version ist, kann ich es kaum erwarten! Die Idee von Live-Videos macht mich neugierig… besonders um meine Abende zu beleben.",2025-01-15,true,142
de-002,de,Marc & Léa,5,"AcoquinementVotre hat uns ermöglicht, tolle Paare kennenzulernen. Deshalb warten wir natürlich gespannt auf den Start von AKOKY. Live-Videos werden definitiv für ein Kribbeln sorgen… Léa kann es kaum erwarten.",2025-03-10,true,128
de-003,de,Alexandre T.,4,"Sehr zufrieden mit der aktuellen Seite, einfach und effizient. Danke auch für den kostenlosen Zugang zu AKOKY zum Start! Ich bin neugierig auf die Live-Funktion… ich habe schon ein paar Ideen.",2025-05-08,true,95
de-004,de,Camille R.,5,"AcoquinementVotre war bereits eine tolle Überraschung. Also ist AKOKY mit schickerem Design und mehr Funktionen ein klares Ja! Vor allem, wenn man sich live zeigen kann…",2025-06-05,true,156
de-005,de,Thomas & Julie,5,"Wir hatten großartige Momente auf AcoquinementVotre und verfolgen die Weiterentwicklung mit Freude. Wir freuen uns darauf, AKOKY und seine Premium-Events zu entdecken. Danke für das kostenlose Abo!",2025-08-02,true,134
de-006,de,Isabelle L.,4,"Die aktuelle Seite ist seriös und diskret, was ich sehr schätze. Ich freue mich sehr darauf, zu AKOKY zu wechseln. Und mit sicheren Live-Videos… könnte es mir dort sehr gefallen.",2024-12-28,true,89
de-007,de,Julien B.,5,"AcoquinementVotre hat mir großartige Begegnungen beschert, daher hat mich die Ankündigung von AKOKY richtig begeistert. Live zu gehen erlaubt mir, mich noch mehr zu zeigen… und ich stehe dazu!",2024-12-25,true,112
de-008,de,Émilie & David,5,"Wir brauchten eine einfache und zuverlässige Plattform, und AcoquinementVotre hat überzeugt. Jetzt planen wir, direkt zu AKOKY zu wechseln. Das Live-Konzept gefällt uns sehr.",2024-11-20,true,145
de-009,de,Nicolas P.,4,"Gute Erfahrung insgesamt, nichts zu beanstanden. Ich bin gespannt, was AKOKY vorbereitet. Und ein paar Lives zu schauen… seien wir ehrlich, das motiviert.",2024-10-18,true,76
de-010,de,Charlotte & Maxime,5,"Wir mochten die aktuelle Seite sehr, also waren wir begeistert vom bevorstehenden Start von AKOKY. Danke für das kostenlose Abo. Wir freuen uns auf die Live-Funktionen — Maxime ist bereit, sich zu zeigen 😉",2024-12-15,true,167

it-001,it,Sophie M.,5,"Sono su AcoquinementVotre da mesi e adoro l’atmosfera. Se AKOKY è davvero la nuova versione premium, non vedo l’ora di entrarci! L’idea del live video mi incuriosisce… soprattutto per rendere le serate più piccanti.",2025-01-15,true,142
it-002,it,Marc & Léa,5,"AcoquinementVotre ci ha permesso di conoscere coppie fantastiche. Quindi aspettiamo con impazienza l’apertura di AKOKY. Il live video aggiungerà sicuramente un brivido in più… Léa non sta più nella pelle.",2025-03-10,true,128
it-003,it,Alexandre T.,4,"Molto soddisfatto del sito attuale, semplice ed efficace. E grazie per l’accesso gratuito ad AKOKY al lancio! Curioso di provare il live… ho già qualche idea in mente.",2025-05-08,true,95
it-004,it,Camille R.,5,"AcoquinementVotre è stata una bellissima sorpresa. Quindi AKOKY, con un design più elegante e nuove funzionalità, per me è un sì immediato! Soprattutto se possiamo mostrarci in live…",2025-06-05,true,156
it-005,it,Thomas & Julie,5,"Abbiamo vissuto momenti splendidi su AcoquinementVotre, quindi seguiamo con piacere la sua evoluzione. Non vediamo l’ora di scoprire AKOKY e i suoi eventi premium. Grazie per l’abbonamento gratuito!",2025-08-02,true,134
it-006,it,Isabelle L.,4,"Il sito attuale è serio e discreto, cosa che apprezzo molto. Non vedo l’ora di passare ad AKOKY. E con il live video sicuro… potrei trovarmici davvero bene.",2024-12-28,true,89
it-007,it,Julien B.,5,"AcoquinementVotre mi ha regalato incontri meravigliosi, quindi l’annuncio di AKOKY mi ha davvero entusiasmato. Il live mi permetterà di mostrarmi un po’ di più… e lo accetto!",2024-12-25,true,112
it-008,it,Émilie & David,5,"Avevamo bisogno di una piattaforma semplice e affidabile, e AcoquinementVotre ha fatto centro. Ora pensiamo di passare ad AKOKY non appena aprirà. Il concetto dei live ci piace moltissimo.",2024-11-20,true,145
it-009,it,Nicolas P.,4,"Buona esperienza complessiva su AcoquinementVotre, nulla da dire. Sono curioso di vedere cosa sta preparando AKOKY. E l’idea di guardare qualche live… diciamolo, motiva.",2024-10-18,true,76
it-010,it,Charlotte & Maxime,5,"Ci è piaciuto moltissimo il sito attuale, quindi quando abbiamo saputo del lancio di AKOKY eravamo entusiasti. Grazie per l’abbonamento gratuito. Non vediamo l’ora di provare i live — Maxime è già pronto a mostrarsi 😉",2024-12-15,true,167

pt-001,pt,Sophie M.,5,"Estou no AcoquinementVotre há meses e adoro a atmosfera. Se o AKOKY for realmente a nova versão premium, mal posso esperar para entrar! A ideia de vídeo ao vivo me intriga… especialmente para animar minhas noites.",2025-01-15,true,142
pt-002,pt,Marc & Léa,5,"O AcoquinementVotre nos permitiu conhecer casais incríveis. Por isso, estamos atentos ao lançamento do AKOKY. O vídeo ao vivo vai trazer aquele friozinho gostoso… Léa já está impaciente.",2025-03-10,true,128
pt-003,pt,Alexandre T.,4,"Muito satisfeito com o site atual, simples e eficiente. E obrigado pelo acesso gratuito ao AKOKY no lançamento! Curioso para testar o ao vivo… já tenho algumas ideias.",2025-05-08,true,95
pt-004,pt,Camille R.,5,"O AcoquinementVotre já foi uma ótima surpresa. Então o AKOKY, com um design mais elegante e novas funcionalidades, é um sim imediato! Principalmente se pudermos aparecer ao vivo…",2025-06-05,true,156
pt-005,pt,Thomas & Julie,5,"Vivemos momentos incríveis no AcoquinementVotre, então acompanhamos sua evolução com entusiasmo. Ansiosos para descobrir o AKOKY e seus eventos premium. Obrigado pela assinatura gratuita!",2025-08-02,true,134
pt-006,pt,Isabelle L.,4,"O site atual é sério e discreto, algo que valorizo muito. Estou realmente ansiosa para migrar para o AKOKY. E com vídeo ao vivo seguro… acho que vou adorar.",2024-12-28,true,89
pt-007,pt,Julien B.,5,"O AcoquinementVotre me proporcionou encontros incríveis, então o anúncio do AKOKY me deixou muito animado. O ao vivo vai me permitir me exibir um pouco mais… e eu assumo!",2024-12-25,true,112
pt-008,pt,Émilie & David,5,"Precisávamos de uma plataforma simples e confiável, e o AcoquinementVotre cumpriu perfeitamente. Agora planejamos passar para o AKOKY assim que abrir. O conceito dos lives nos agrada muito.",2024-11-20,true,145
pt-009,pt,Nicolas P.,4,"Boa experiência geral no AcoquinementVotre, nada a reclamar. Estou curioso para ver o que o AKOKY está preparando. E a ideia de assistir alguns lives… sejamos honestos, motiva.",2024-10-18,true,76
pt-010,pt,Charlotte & Maxime,5,"Gostamos muito do site atual, então quando soubemos do lançamento do AKOKY ficamos super animados! Obrigado pela assinatura gratuita. Mal podemos esperar para testar os lives — Maxime já está pronto para se mostrar 😉",2024-12-15,true,167
